{
  "project_info": {
    "project_number": "313933503952",
    "firebase_url": "https://drivewayshare-5a501.firebaseio.com",
    "project_id": "drivewayshare-5a501",
    "storage_bucket": "drivewayshare-5a501.appspot.com"
  },
  "client": [
    {
      "client_info": {
        "mobilesdk_app_id": "1:313933503952:android:7c6b42f5fd366189",
        "android_client_info": {
          "package_name": "pablo.myexample.drivewayshare"
        }
      },
      "oauth_client": [
        {
          "client_id": "313933503952-kfjtb9okb6el5qtfpaiv1lodtfv6635m.apps.googleusercontent.com",
          "client_type": 1,
          "android_info": {
            "package_name": "pablo.myexample.drivewayshare",
            "certificate_hash": "879b1f723b2781e1e0108c093fbc510cd6236ded"
          }
        },
        {
          "client_id": "313933503952-fl6jbbobvecpnhf4hk5g27dkjb94ivpl.apps.googleusercontent.com",
          "client_type": 3
        }
      ],
      "api_key": [
        {
          "current_key": "AIzaSyDRR28udpndzAybM5er2IjJpTjm5qgIpJs"
        }
      ],
      "services": {
        "appinvite_service": {
          "other_platform_oauth_client": [
            {
              "client_id": "313933503952-fl6jbbobvecpnhf4hk5g27dkjb94ivpl.apps.googleusercontent.com",
              "client_type": 3
            }
          ]
        }
      }
    }
  ],
  "configuration_version": "1"
}